precision,recall,threshold
0.4073507597982661,1.0,0.06477516059957174
0.40764688787910813,0.9988994804900548,0.07427716849451645
0.40171531584026804,0.7140753208499895,0.07880910683012259
0.40258163756996185,0.7031186780818592,0.13733905579399142
0.40285610755465534,0.7017268445839875,0.16371960846226713
0.40546625626994987,0.6907540177054168,0.19145713420175706
0.4070193667561405,0.6846849762902782,0.2742567788304476
0.4094924597705708,0.6684199452977068,0.2819823280829812
0.41238119440914867,0.6565569923449157,0.2961998958875586
0.41260011222772025,0.6545016103189888,0.3699047838218796
0.4561341603833154,0.39749793652591886,0.4021914276506606
0.455977913833903,0.3929340173817346,0.4295482177248421
0.4712577813663949,0.292819110197608,0.4577766574237459
0.4545722713864307,0.09975885675443849,0.48164335664335667
0.45511942796287846,0.0968295327647316,0.5050798258345428
0.46668825386545776,0.093301396688731,0.5294915254237288
0.47413793103448276,0.09079285957047371,0.5977337110481586
0.39779005524861877,0.008156791661946302,0.6786148238153098
0.4261119081779053,0.004806680800789785,0.6989930472308798
1.0,0.0,1.0
