Company,Date,predicted_label,proba_buy,proba_hold,proba_sell
A,2026-05-01,Sell,0.3064354210027447,0.2959369147632818,0.3976276642339734
AAPL,2026-05-01,Sell,0.3448068447865517,0.2180392330404973,0.4371539221729504
ABBV,2026-05-01,Sell,0.3452772217636837,0.24939253612371381,0.40533024211260227
ABEV,2026-05-01,Sell,0.32785887184685486,0.23877521411697344,0.4333659140361717
ABNB,2026-05-01,Sell,0.30499583516489787,0.27934698452944645,0.4156571803056562
ABT,2026-05-01,Sell,0.3184749325603416,0.2514559402867911,0.43006912715286755
ACGL,2026-05-01,Sell,0.3420117266271037,0.22258961381329265,0.4353986595596031
ACN,2026-05-01,Sell,0.3007498045076348,0.27559999078718994,0.4236502047051753
ADBE,2026-05-01,Sell,0.2993411630840284,0.2982503005907285,0.402408536325243
ADI,2026-05-01,Sell,0.3004453187913952,0.3022316345077874,0.3973230467008175
ADM,2026-05-01,Sell,0.3249796539763014,0.23999756824336022,0.4350227777803384
ADP,2026-05-01,Sell,0.29557674820734064,0.3130809600791695,0.39134229171348983
ADSK,2026-05-01,Sell,0.30042617538355576,0.2955669787638194,0.4040068458526248
AEE,2026-05-01,Sell,0.3881496971443949,0.18420752042061203,0.4276427824349928
AEM,2026-05-01,Sell,0.30646712491658745,0.29283105761193307,0.40070181747147926
AEP,2026-05-01,Sell,0.39651460621085155,0.17033134126945706,0.4331540525196913
AFL,2026-05-01,Sell,0.3975107977683848,0.17225724283084326,0.43023195940077197
AIG,2026-05-01,Sell,0.34355027291224616,0.2449675290897846,0.4114821979979687
AJG,2026-05-01,Sell,0.35784316882850115,0.2149012914383746,0.4272555397331243
ALC,2026-05-01,Sell,0.3183362675282163,0.24495707350192203,0.43670665896986194
ALL,2026-05-01,Sell,0.3829247390663648,0.19230755152881934,0.4247677094048158
ALNY,2026-05-01,Sell,0.3021483959774389,0.26891321195548656,0.4289383920670746
AMAT,2026-05-01,Sell,0.29982405973624643,0.2983613744751652,0.40181456578858826
AMD,2026-05-01,Hold,0.2522051052137329,0.4008821699791387,0.34691272480712904
AME,2026-05-01,Sell,0.3164514917804609,0.2507086337662953,0.4328398744532439
AMGN,2026-05-01,Sell,0.3399554012895797,0.22353030046031794,0.4365142982501019
AMP,2026-05-01,Sell,0.34058019474914586,0.2278742007900517,0.43154560446080237
AMT,2026-05-01,Sell,0.35405298387278544,0.21290723715181406,0.4330397789754
AMZN,2026-05-01,Sell,0.3367914382315114,0.2383244601445645,0.4248841016239244
ANET,2026-05-01,Sell,0.30015065262574914,0.2969493913804533,0.40289995599379763
AON,2026-05-01,Sell,0.3083292550340261,0.2549616454081535,0.4367090995578205
APD,2026-05-01,Sell,0.40126536911002275,0.16691805359580247,0.4318165772941747
APH,2026-05-01,Sell,0.3085306074442954,0.2681084215535309,0.4233609710021737
APO,2026-05-01,Sell,0.30200690292384563,0.2927891771553856,0.40520391992076893
APTV,2026-05-01,Sell,0.3138815556761089,0.25484467168683955,0.43127377263705163
ARES,2026-05-01,Sell,0.29093912220722873,0.29974138102840764,0.4093194967643637
ARGX,2026-05-01,Sell,0.34018154860183025,0.2186215028404632,0.4411969485577063
ARM,2026-05-01,Hold,0.21575408992764303,0.48572575772667514,0.298520152345682
ASML,2026-05-01,Sell,0.2939383910756975,0.2841471701787197,0.42191443874558276
AVB,2026-05-01,Sell,0.36097468833459734,0.21877807821458528,0.4202472334508171
AVGO,2026-05-01,Sell,0.29779735747585556,0.3013198289694529,0.4008828135546916
AWK,2026-05-01,Sell,0.383498263681889,0.20825659474868252,0.4082451415694285
AXP,2026-05-01,Sell,0.32368590312075524,0.2428566741890647,0.43345742269018006
AZN,2026-05-01,Sell,0.3851528452938613,0.1866540985372585,0.4281930561688799
AZO,2026-05-01,Sell,0.31040764514166763,0.25836637668333334,0.4312259781749988
BA,2026-05-01,Sell,0.3050636557064906,0.29722682102190295,0.3977095232716065
BABA,2026-05-01,Sell,0.3043861834046102,0.2666425805096256,0.4289712360857642
BAC,2026-05-01,Sell,0.38534584202041006,0.19224916418915683,0.4224049937904331
BBD,2026-05-01,Sell,0.30221081011744944,0.2623459900520029,0.4354431998305477
BBVA,2026-05-01,Sell,0.2962414566798259,0.3029160691308081,0.40084247418936597
BCE,2026-05-01,Sell,0.38302521663458605,0.18520962743572572,0.4317651559296879
BCS,2026-05-01,Sell,0.2659041862312271,0.3037089931474678,0.43038682062130545
BDX,2026-05-01,Sell,0.3877764261633064,0.19449834156160706,0.4177252322750861
BEKE,2026-05-01,Sell,0.30201676708351854,0.3011765083331254,0.3968067245833561
BHP,2026-05-01,Sell,0.31436888057005846,0.24907720387702884,0.4365539155529125
BIDU,2026-05-01,Sell,0.299060497071319,0.30061582165939404,0.40032368126928697
BIIB,2026-05-01,Sell,0.3021168106778478,0.3003825316895505,0.3975006576326016
BK,2026-05-01,Sell,0.3874713990700819,0.18189804735106166,0.43063055357885605
BKNG,2026-05-01,Sell,0.29896592457444215,0.2933788875866254,0.4076551878389325
BKR,2026-05-01,Sell,0.30448248949990087,0.2991195902820283,0.39639792021807074
BLK,2026-05-01,Sell,0.32464025500267923,0.24304416347092025,0.4323155815264007
BMO,2026-05-01,Sell,0.39976930405070854,0.16910208282120007,0.43112861312809136
BMY,2026-05-01,Sell,0.30291836841543057,0.29970279726195764,0.39737883432261173
BN,2026-05-01,Sell,0.3118467375026563,0.253219524054449,0.43493373844289496
BNS,2026-05-01,Sell,0.39096354137373607,0.17615669904880238,0.4328797595774611
BNTX,2026-05-01,Sell,0.3010465282901682,0.30176015719871624,0.39719331451111556
BP,2026-05-01,Sell,0.26186684433242957,0.3325682664353979,0.40556488923217293
BR,2026-05-01,Sell,0.3143280025578967,0.25337379036456986,0.43229820707753364
BRO,2026-05-01,Sell,0.3064852243366747,0.2631615253909102,0.4303532502724152
BSBR,2026-05-01,Sell,0.3738965064907387,0.1997829110971779,0.42632058241208315
BSX,2026-05-01,Hold,0.2806889566224826,0.3645175156565463,0.3547935277209715
BTI,2026-05-01,Sell,0.32724092784074726,0.25461397761214555,0.4181450945471068
BUD,2026-05-01,Sell,0.3370930210671366,0.22338479269401684,0.439522186238846
BX,2026-05-01,Sell,0.3008963251110204,0.2949614706953425,0.4041422041936372
C,2026-05-01,Sell,0.31078349666664623,0.29962900293827227,0.38958750039508155
CAH,2026-05-01,Sell,0.3295182406793702,0.3008485285849827,0.36963323073564724
CARR,2026-05-01,Sell,0.2740375338979976,0.31358878809776836,0.4123736780042343
CAT,2026-05-01,Sell,0.2963644550998723,0.3119902356792833,0.3916453092208444
CB,2026-05-01,Sell,0.3919347159267312,0.17978668445869556,0.42827859961457315
CBRE,2026-05-01,Sell,0.33257242406835025,0.24266359340285,0.42476398252879993
CCEP,2026-05-01,Sell,0.34323330893478243,0.22025038564348823,0.4365163054217291
CCI,2026-05-01,Sell,0.311923883457633,0.2973649452022842,0.3907111713400829
CCJ,2026-05-01,Hold,0.25640458874971356,0.4006273722025274,0.3429680390477596
CCL,2026-05-01,Sell,0.24810428403430948,0.37292059937593164,0.37897511658975913
CDNS,2026-05-01,Sell,0.28002717391370224,0.3058080289914857,0.41416479709481224
CDW,2026-05-01,Sell,0.313225203567314,0.2728973562388299,0.4138774401938561
CEG,2026-05-01,Hold,0.2838553921640552,0.36053774178556575,0.35560686605037917
CHD,2026-05-01,Sell,0.38312727694708165,0.2009981508048297,0.41587457224808844
CHT,2026-05-01,Sell,0.4009714278028181,0.16402569492216235,0.43500287727501946
CHTR,2026-05-01,Hold,0.21779191092155226,0.49572930068042736,0.28647878839802127
CI,2026-05-01,Sell,0.34722528883475967,0.22431065047394821,0.4284640606912921
CL,2026-05-01,Sell,0.35612084561543683,0.21062998404886712,0.4332491703356956
CM,2026-05-01,Sell,0.38645247702511903,0.19089293619246342,0.42265458678241713
CMCSA,2026-05-01,Hold,0.24541420129173447,0.42914522721005033,0.3254405714982156
CME,2026-05-01,Sell,0.37637331704339116,0.20935665590734648,0.4142700270492626
CMG,2026-05-01,Sell,0.32827904658366286,0.2558572890809434,0.4158636643353939
CMI,2026-05-01,Sell,0.3003699054139924,0.2952940112501736,0.4043360833358341
CNC,2026-05-01,Sell,0.26744688463982985,0.3612041514110497,0.3713489639491209
CNI,2026-05-01,Sell,0.2859959370770827,0.35603432551282216,0.3579697374100953
CNQ,2026-05-01,Sell,0.2517640700130318,0.3479936172189351,0.40024231276803357
COF,2026-05-01,Sell,0.2589476960423958,0.3374084380548576,0.403643865902747
COIN,2026-05-01,Sell,0.27391260974281023,0.3161445289227047,0.4099428613344853
COP,2026-05-01,Sell,0.3040428949469319,0.27011330998181793,0.42584379507125014
COR,2026-05-01,Sell,0.3900929778187409,0.18896873737607162,0.4209382848051873
COST,2026-05-01,Sell,0.3846015053524532,0.19082032435365107,0.42457817029389544
CP,2026-05-01,Sell,0.34027471569791296,0.24539158266113945,0.414333701640947
CPNG,2026-05-01,Sell,0.31828805427902884,0.2571779767198857,0.42453396900108537
CPRT,2026-05-01,Sell,0.40150494384732005,0.16634871808905238,0.4321463380636274
CQP,2026-05-01,Sell,0.3604571173591091,0.2140138556193894,0.42552902702150147
CRH,2026-05-01,Sell,0.30057390326147126,0.264242836559363,0.4351832601791659
CRM,2026-05-01,Sell,0.295889393647504,0.303607557014804,0.4005030493376921
CRWD,2026-05-01,Sell,0.28039238661234533,0.3090988255118627,0.41050878787579215
CSCO,2026-05-01,Sell,0.35789455403744186,0.20806724948947572,0.43403819647308195
CSGP,2026-05-01,Sell,0.3013397805158409,0.27073616187255045,0.4279240576116088
CSX,2026-05-01,Sell,0.3060861573621512,0.3346081185976432,0.35930572404020533
CTAS,2026-05-01,Sell,0.38808252881445954,0.1855350067240792,0.4263824644614609
CTRA,2026-05-01,Sell,0.3035320688548098,0.26950435796400335,0.426963573181187
CTSH,2026-05-01,Sell,0.31018322563099154,0.26675849606016394,0.4230582783088444
CTVA,2026-05-01,Sell,0.40199824899713443,0.16923724478905977,0.4287645062138058
CVE,2026-05-01,Sell,0.24072043220858735,0.3692947620706194,0.38998480572079325
CVS,2026-05-01,Sell,0.294847903167456,0.2963735595114022,0.40877853732114183
CVX,2026-05-01,Sell,0.3374295770824055,0.22699094097692082,0.43557948194067336
D,2026-05-01,Sell,0.3833881663292133,0.19839395485815017,0.41821787881263606
DAL,2026-05-01,Sell,0.27654154613351123,0.3157554860696783,0.4077029677968111
DASH,2026-05-01,Sell,0.29016370055557755,0.30159619591518,0.40824010352924256
DB,2026-05-01,Sell,0.29903589217996474,0.2624954329088782,0.4384686749111571
DD,2026-05-01,Sell,0.3393838617262483,0.23080764280386062,0.42980849546989075
DDOG,2026-05-01,Sell,0.2699092525011537,0.3226575660074403,0.4074331814914062
DE,2026-05-01,Sell,0.2985052951993129,0.3054423498931749,0.39605235490751217
DELL,2026-05-01,Sell,0.27028472733697695,0.3251554817294365,0.4045597909335869
DEO,2026-05-01,Sell,0.3132146906451963,0.24750523394662696,0.43928007540817676
DG,2026-05-01,Sell,0.24074166289702548,0.3768995750119972,0.38235876209097747
DHI,2026-05-01,Sell,0.3030828726594489,0.29781903442369434,0.39909809291685683
DHR,2026-05-01,Sell,0.31356285681058416,0.25813589444849816,0.42830124874091774
DIS,2026-05-01,Sell,0.3774181818963252,0.19547888064261648,0.4271029374610578
DLR,2026-05-01,Sell,0.38469954552023516,0.19248038617465377,0.42282006830511065
DLTR,2026-05-01,Sell,0.2996403027519391,0.2934518885395315,0.4069078087085294
DOV,2026-05-01,Sell,0.30997663086956884,0.2848316867010915,0.4051916824293395
DOW,2026-05-01,Hold,0.22810803740871077,0.41249489144900053,0.3593970711422891
DTE,2026-05-01,Sell,0.38271945883944086,0.19733863371764354,0.4199419074429154
DUK,2026-05-01,Sell,0.39535925578886255,0.17319350670948935,0.4314472375016481
DVN,2026-05-01,Sell,0.3032862218112764,0.2699533966068693,0.4267603815818544
DXCM,2026-05-01,Sell,0.30360561513099826,0.293605247099432,0.40278913776956976
E,2026-05-01,Sell,0.25998288613878645,0.32423676862239353,0.4157803452388204
EA,2026-05-01,Sell,0.3939830895643479,0.17703043076140976,0.42898647967424297
EBAY,2026-05-01,Sell,0.3071219289073573,0.2926252847602536,0.4002527863323889
EC,2026-05-01,Sell,0.30086775825078405,0.2944945355580374,0.4046377061911786
ECL,2026-05-01,Sell,0.34370573972617374,0.220424401122959,0.435869859150867
ED,2026-05-01,Sell,0.3972417328050338,0.17198512187662815,0.430773145318338
EFX,2026-05-01,Sell,0.3041061570686771,0.2939794328158024,0.40191441011552054
EIX,2026-05-01,Sell,0.35409648612874806,0.20574596777303986,0.4401575460982119
EL,2026-05-01,Sell,0.31818622988186085,0.2510566737903577,0.4307570963277815
ELV,2026-05-01,Sell,0.31281415091805054,0.29045323416173147,0.39673261492021794
EMR,2026-05-01,Sell,0.294446160271507,0.2757682049849347,0.4297856347435585
ENB,2026-05-01,Sell,0.3832989660647722,0.19469559045807702,0.42200544347715035
EOG,2026-05-01,Sell,0.2964070362920849,0.27260693449548656,0.43098602921242896
EPD,2026-05-01,Sell,0.39953642633453135,0.1667615683205517,0.4337020053449168
EQIX,2026-05-01,Sell,0.3897640641879711,0.18538353377734482,0.4248524020346839
EQNR,2026-05-01,Sell,0.2851689839398897,0.31228793572340857,0.4025430803367018
EQR,2026-05-01,Sell,0.3539742068782772,0.21283852549358465,0.43318726762813775
ES,2026-05-01,Sell,0.38686444603944736,0.19341067343540502,0.4197248805251473
ET,2026-05-01,Sell,0.40044936470326425,0.16790990122104943,0.43164073407568615
ETN,2026-05-01,Sell,0.3078522666845285,0.27046701341778473,0.42168071989768663
ETR,2026-05-01,Sell,0.38048220253318,0.20456711750232337,0.41495067996449625
EW,2026-05-01,Sell,0.30857470279982885,0.2960726230618505,0.39535267413832065
EXC,2026-05-01,Sell,0.3980663152346419,0.17453790972015262,0.4273957750452055
EXR,2026-05-01,Sell,0.37572296260524546,0.20314065054934652,0.4211363868454076
F,2026-05-01,Hold,0.24283792360879197,0.3883818782745554,0.3687801981166529
FANG,2026-05-01,Sell,0.28671389349192894,0.30117608412219055,0.41211002238588124
FAST,2026-05-01,Sell,0.2590854379394476,0.3317250444162548,0.4091895176442983
FCNCA,2026-05-01,Sell,0.3783013925991088,0.20449465147335777,0.4172039559275332
FCX,2026-05-01,Sell,0.26948838838906486,0.32938935125223556,0.40112226035869997
FDX,2026-05-01,Sell,0.3103715989725781,0.2547873572572724,0.4348410437701497
FE,2026-05-01,Sell,0.3918935820648467,0.1850049932885693,0.4231014246465839
FERG,2026-05-01,Sell,0.31429544130916043,0.24645936851794328,0.4392451901728965
FICO,2026-05-01,Sell,0.24523327278550053,0.37494868145842863,0.37981804575607087
FIS,2026-05-01,Sell,0.24396174363293066,0.3622240218029955,0.3938142345640741
FITB,2026-05-01,Sell,0.38059950713516083,0.19687666552477487,0.42252382734006394
FMX,2026-05-01,Sell,0.35207882083964653,0.22292795080425165,0.42499322835610154
FNV,2026-05-01,Sell,0.35993702999405747,0.21584248475280327,0.424220485253139
FTNT,2026-05-01,Sell,0.3012598183918416,0.2970618077144095,0.40167837389374894
FTS,2026-05-01,Sell,0.3977060969389368,0.16751284419449985,0.4347810588665632
FTV,2026-05-01,Sell,0.3394642258356012,0.22502855925796528,0.43550721490643335
GD,2026-05-01,Sell,0.2861256325062143,0.35584149654900804,0.35803287094477776
GE,2026-05-01,Sell,0.3002032521752019,0.29531279934746946,0.40448394847732866
GEHC,2026-05-01,Sell,0.27314698457086833,0.33346348820307786,0.3933895272260539
GFS,2026-05-01,Sell,0.29052033262323584,0.3001850489376863,0.40929461843907783
GIB,2026-05-01,Sell,0.29872005208195573,0.30374107668878286,0.39753887122926146
GILD,2026-05-01,Sell,0.3865308671088565,0.19439481644435674,0.4190743164467865
GIS,2026-05-01,Sell,0.38227968299379017,0.19478658850382932,0.42293372850238015
GLW,2026-05-01,Sell,0.26669132209734825,0.3279462305426054,0.40536244736004684
GM,2026-05-01,Sell,0.25558728550336984,0.3461360550770836,0.3982766594195468
GMAB,2026-05-01,Sell,0.32093900374007406,0.25104249203459117,0.42801850422533505
GOLD,2026-05-01,Sell,0.3001263199740377,0.29619164948058596,0.4036820305453763
GOOGL,2026-05-01,Hold,0.2798715018497803,0.3673128382344879,0.35281565991573205
GPN,2026-05-01,Sell,0.30393849411204277,0.29856939071770683,0.3974921151702503
GRMN,2026-05-01,Sell,0.31713637354932067,0.25121089636435767,0.43165273008632177
GS,2026-05-01,Sell,0.3328847087077311,0.23355940147548984,0.43355588981677906
GSK,2026-05-01,Sell,0.3132858631697046,0.252989442154582,0.43372469467571323
GWW,2026-05-01,Sell,0.373619722717388,0.1989908158242739,0.4273894614583378
HAL,2026-05-01,Sell,0.3168812205146795,0.25380009379749174,0.42931868568782894
HCA,2026-05-01,Sell,0.30067327589536114,0.3006025544428781,0.39872416966176083
HD,2026-05-01,Sell,0.26601425612267077,0.314499846420444,0.4194858974568858
HDB,2026-05-01,Hold,0.2298734653516623,0.3853936209612364,0.3847329136871015
HEI,2026-05-01,Sell,0.3005626219744714,0.2944693860494328,0.4049679919760959
HIG,2026-05-01,Sell,0.37940160214170376,0.20303135622184965,0.41756704163644615
HLN,2026-05-01,Sell,0.39712227676714695,0.17276570126320256,0.43011202196965037
HLT,2026-05-01,Sell,0.31165286016226285,0.2506711300900776,0.4376760097476597
HMC,2026-05-01,Sell,0.3583972423582319,0.20902589762639945,0.43257686001536866
HON,2026-05-01,Sell,0.3467135376330716,0.21895614614314823,0.4343303162237801
HPE,2026-05-01,Sell,0.3112564651313722,0.28850797440709536,0.40023556046153247
HPQ,2026-05-01,Sell,0.3003311097768082,0.30059406786405374,0.399074822359138
HSBC,2026-05-01,Sell,0.3395301346065678,0.216867857387831,0.44360200800560096
HSY,2026-05-01,Sell,0.36233927856633136,0.20872994648195362,0.42893077495171505
HUBS,2026-05-01,Sell,0.2640968768055236,0.3238612299592362,0.4120418932352403
HUM,2026-05-01,Sell,0.3018236955168358,0.296290825632958,0.40188547885020626
HWM,2026-05-01,Sell,0.3061057923663356,0.2613614372479343,0.4325327703857301
IBKR,2026-05-01,Sell,0.29915964500019226,0.26813327734278813,0.43270707765701966
IBM,2026-05-01,Sell,0.30202362158449747,0.29947478678217293,0.39850159163332954
IBN,2026-05-01,Sell,0.3178906810294797,0.2932781151043583,0.3888312038661618
ICE,2026-05-01,Sell,0.36108769263650004,0.22261471192348403,0.4162975954400161
ICLR,2026-05-01,Hold,0.250815965449923,0.40035172478638914,0.3488323097636888
IDXX,2026-05-01,Sell,0.31101580616751123,0.25610369704893005,0.4328804967835589
IFF,2026-05-01,Sell,0.29387519822837493,0.27723959624029887,0.4288852055313264
IMO,2026-05-01,Sell,0.3159265308576948,0.25747707218954946,0.42659639695275564
INFY,2026-05-01,Sell,0.304108987230803,0.26467646940212636,0.43121454336707066
ING,2026-05-01,Sell,0.3148651242746794,0.2460909287417962,0.43904394698352434
INTC,2026-05-01,Hold,0.21690138361338873,0.49008726369956973,0.293011352687042
INTU,2026-05-01,Sell,0.27394408136402426,0.3127508451502583,0.41330507348571766
INVH,2026-05-01,Sell,0.37858601694934796,0.2046390459301458,0.41677493712050584
IQV,2026-05-01,Sell,0.30278031115506976,0.298058162026774,0.3991615268181562
IR,2026-05-01,Sell,0.2997634080721324,0.29496789242951427,0.4052686994983533
ISRG,2026-05-01,Sell,0.3024507972326213,0.3080600538692638,0.3894891488981147
IT,2026-05-01,Sell,0.2930152794541373,0.2750101557206514,0.4319745648252114
ITUB,2026-05-01,Sell,0.31542801840256346,0.24743766534075695,0.4371343162566797
ITW,2026-05-01,Sell,0.33985649540939966,0.23242649623988998,0.42771700835071047
IX,2026-05-01,Sell,0.298378664799441,0.306472491191114,0.39514884400944494
JCI,2026-05-01,Sell,0.3388341059342842,0.22060400258216645,0.44056189148354913
JD,2026-05-01,Sell,0.2750420717339568,0.3008800952999044,0.4240778329661392
JNJ,2026-05-01,Sell,0.39360951802396793,0.1787769394479476,0.4276135425280845
JPM,2026-05-01,Sell,0.38143998347503477,0.1890274908777621,0.4295325256472027
KDP,2026-05-01,Sell,0.2889261842769682,0.3498495995968176,0.3612242161262143
KEYS,2026-05-01,Sell,0.3171240114464578,0.25092227125526834,0.43195371729827414
KHC,2026-05-01,Sell,0.3527446923304431,0.21288069986925218,0.43437460780030457
KKR,2026-05-01,Sell,0.30038352719207123,0.2941573786283811,0.4054590941795479
KLAC,2026-05-01,Sell,0.29932459883183926,0.29873744697511095,0.40193795419304984
KMB,2026-05-01,Sell,0.3322170605797122,0.2334849193256041,0.43429802009468366
KMI,2026-05-01,Sell,0.3846744535929353,0.2013203223311278,0.41400522407593676
KO,2026-05-01,Sell,0.38087588103240066,0.20011429720011617,0.4190098217674828
KR,2026-05-01,Sell,0.36916512499595994,0.20703959525081894,0.42379527975322084
KVUE,2026-05-01,Sell,0.3740268688248483,0.201011988298992,0.42496114287615944
LEN,2026-05-01,Sell,0.3159412774769966,0.2537596991344861,0.4302990233885174
LHX,2026-05-01,Sell,0.3839173648862984,0.20875814950612048,0.40732448560758094
LI,2026-05-01,Sell,0.3157944921191397,0.253445676821168,0.43075983105969295
LIN,2026-05-01,Sell,0.39586047233324334,0.17245572353723554,0.431683804129521
LLY,2026-05-01,Hold,0.2793967407259915,0.3718790207729443,0.34872423850106415
LMT,2026-05-01,Sell,0.3515877706724929,0.2226894855001283,0.4257227438273787
LNG,2026-05-01,Sell,0.30949889804297187,0.26080235160733034,0.4296987503496981
LOW,2026-05-01,Sell,0.30305103875269707,0.26306990431933924,0.43387905692796375
LRCX,2026-05-01,Sell,0.2926020646635853,0.29947852269815844,0.40791941263825643
LULU,2026-05-01,Sell,0.27389298196819545,0.32758622276902855,0.3985207952627764
LVS,2026-05-01,Sell,0.2907535118053365,0.3455608071251088,0.363685681069555
LYB,2026-05-01,Hold,0.19574379127594427,0.5113502381960796,0.2929059705279758
LYG,2026-05-01,Sell,0.30305258647073535,0.25719156477065735,0.43975584875860724
LYV,2026-05-01,Sell,0.2607183438815903,0.3297377430384065,0.40954391308000365
MA,2026-05-01,Sell,0.3425971273772146,0.22105937979024415,0.4363434928325407
MAR,2026-05-01,Sell,0.272106352492495,0.30222936902968334,0.42566427847782196
MBLY,2026-05-01,Hold,0.2834300259190145,0.3600444736152081,0.3565255004657778
MCD,2026-05-01,Sell,0.3830480389134536,0.19277709641856988,0.424174864667976
MCHP,2026-05-01,Hold,0.27816458834650765,0.3713004422424379,0.35053496941105444
MCK,2026-05-01,Sell,0.39665085981495163,0.17154085250217857,0.4318082876828699
MCO,2026-05-01,Sell,0.35213160891675427,0.2127930583868205,0.43507533269642507
MDB,2026-05-01,Sell,0.2755984684030024,0.30929886917862726,0.41510266241837057
MDLZ,2026-05-01,Sell,0.3411951283487813,0.22293497067012086,0.43586990098109746
MDT,2026-05-01,Sell,0.3644954199960101,0.20998019391367928,0.42552438609031035
MELI,2026-05-01,Sell,0.32320473140961536,0.2502013745302916,0.42659389406009324
MET,2026-05-01,Sell,0.37795485484167224,0.19224690813243595,0.4297982370258915
META,2026-05-01,Sell,0.29799359650488916,0.3028083783055137,0.3991980251895969
MFC,2026-05-01,Sell,0.37698876364168293,0.19029974025976404,0.4327114960985528
MFG,2026-05-01,Sell,0.29774702545253995,0.2753068263051154,0.4269461482423446
MLM,2026-05-01,Sell,0.3369470836936898,0.23884010447537452,0.42421281183093557
MMM,2026-05-01,Sell,0.35930236420204864,0.21550235491675715,0.4251952808811943
MO,2026-05-01,Sell,0.3033336431389988,0.3004577100349222,0.3962086468260788
MOH,2026-05-01,Sell,0.27321453085440545,0.344854156234101,0.3819313129114937
MPLX,2026-05-01,Sell,0.3992410628892181,0.16511395002044002,0.4356449870903418
MPWR,2026-05-01,Sell,0.2810234949677046,0.3073440130898933,0.41163249194240215
MRK,2026-05-01,Sell,0.3209755955659536,0.2537141380973342,0.4253102663367124
MRNA,2026-05-01,Sell,0.3024549705811382,0.2927429197024638,0.404802109716398
MRVL,2026-05-01,Sell,0.3009343269335508,0.3010891177643741,0.3979765553020752
MS,2026-05-01,Sell,0.3235921779319111,0.24307923315305285,0.4333285889150362
MSCI,2026-05-01,Sell,0.32126143867557716,0.25336465430068683,0.42537390702373623
MSFT,2026-05-01,Sell,0.3050695582129709,0.2951589953697026,0.3997714464173266
MSI,2026-05-01,Sell,0.393484506862051,0.17715851987386874,0.42935697326407996
MT,2026-05-01,Hold,0.2198121481875529,0.43347801324853025,0.34670983856391724
MTB,2026-05-01,Sell,0.3822582974043688,0.18970189228267878,0.428039810312952
MTD,2026-05-01,Sell,0.3180843947172923,0.2535395878865647,0.42837601739614306
MU,2026-05-01,Sell,0.2771174972400519,0.3150699569642597,0.4078125457956886
MUFG,2026-05-01,Sell,0.327155086034764,0.23349388265741472,0.4393510313078211
NDAQ,2026-05-01,Sell,0.31359500310172167,0.24833315917860502,0.43807183771967345
NEE,2026-05-01,Hold,0.2872164924619112,0.35652025296003553,0.3562632545780533
NEM,2026-05-01,Sell,0.2754414376275978,0.31964286548796556,0.40491569688443685
NET,2026-05-01,Hold,0.19594548478406756,0.5208546401220581,0.283199875093874
NFLX,2026-05-01,Hold,0.22953377653308546,0.40853865923365534,0.3619275642332594
NGG,2026-05-01,Sell,0.3582383546824,0.21042169974989552,0.43133994556770405
NKE,2026-05-01,Sell,0.3272782186598733,0.26013625490839154,0.4125855264317352
NOC,2026-05-01,Sell,0.31848992183978403,0.30336075196667917,0.37814932619353714
NOK,2026-05-01,Sell,0.2704539226723152,0.32130004611700597,0.40824603121067926
NOW,2026-05-01,Hold,0.24493610068051655,0.38955952334142535,0.36550437597805846
NSC,2026-05-01,Sell,0.29258154556060884,0.3503462549075451,0.35707219953184577
NTES,2026-05-01,Sell,0.3525096284669161,0.22658852547430453,0.42090184605877906
NTR,2026-05-01,Sell,0.3072243622455712,0.25593059917002786,0.4368450385844011
NU,2026-05-01,Sell,0.3483029566820262,0.2263114169307433,0.4253856263872305
NUE,2026-05-01,Sell,0.32692447565937627,0.24476895556987582,0.42830656877074824
NVDA,2026-05-01,Sell,0.3036353265172728,0.30331337589208673,0.3930512975906404
NVO,2026-05-01,Sell,0.2959238367068461,0.3249150952301438,0.3791610680630103
NVR,2026-05-01,Sell,0.3046136576610002,0.2844301416218771,0.4109562007171227
NVS,2026-05-01,Sell,0.38211489223509515,0.19856564771791108,0.41931946004699333
NWG,2026-05-01,Sell,0.2983075488517098,0.26502194631708065,0.4366705048312095
NXPI,2026-05-01,Hold,0.1997731408269475,0.5316313927313085,0.26859546644174437
O,2026-05-01,Sell,0.3994989495573361,0.16681973286130097,0.4336813175813628
ODFL,2026-05-01,Sell,0.30585610378124856,0.2932179866477648,0.4009259095709865
OKE,2026-05-01,Sell,0.324703622964197,0.2421393011421415,0.43315707589366165
ON,2026-05-01,Sell,0.27647602383935405,0.31754962355639516,0.405974352604251
ORCL,2026-05-01,Sell,0.2640294551567691,0.3215268232719953,0.4144437215712359
OTIS,2026-05-01,Sell,0.3760130419057362,0.20284068075177097,0.42114627734249255
OXY,2026-05-01,Sell,0.2969092459943368,0.27244932483360584,0.43064142917205733
PANW,2026-05-01,Sell,0.3002357368965034,0.296276478424547,0.4034877846789496
PBR,2026-05-01,Hold,0.20812791097128516,0.4558423444504525,0.33602974457826223
PCAR,2026-05-01,Sell,0.3065012210075502,0.28997076280325174,0.4035280161891979
PCG,2026-05-01,Sell,0.33064328303107643,0.24143660977623632,0.42792010719268686
PDD,2026-05-01,Sell,0.3134348429520058,0.25626048533385765,0.43030467171413656
PDX,2026-05-01,Sell,0.3984747399280993,0.16568910194699638,0.4358361581249043
PEG,2026-05-01,Sell,0.3763535657880616,0.20458310961353057,0.4190633245984074
PEP,2026-05-01,Sell,0.386513594967747,0.18460267839631078,0.4288837266359418
PFE,2026-05-01,Sell,0.3843400352279814,0.18764091824173412,0.42801904653028416
PG,2026-05-01,Sell,0.3803047010374067,0.19965563055638205,0.42003966840621065
PGR,2026-05-01,Sell,0.3634920758853667,0.20739371811203153,0.4291142060026012
PH,2026-05-01,Sell,0.30502193832005997,0.2615810459326259,0.4333970157473142
PINS,2026-05-01,Sell,0.3000015337170576,0.27479130048347794,0.4252071657994644
PKX,2026-05-01,Sell,0.2993379332257556,0.30111317864203807,0.3995488881322062
PLD,2026-05-01,Sell,0.3793520795583865,0.19692844098915693,0.42371947945245614
PLTR,2026-05-01,Sell,0.27477110578298897,0.3129692507379891,0.4122596434790221
PM,2026-05-01,Hold,0.28268763751990345,0.3598904797641693,0.3574218827159274
PNC,2026-05-01,Sell,0.38333429389266327,0.19075443589292568,0.42591127021441066
PPG,2026-05-01,Sell,0.29134691861638046,0.2756057951691182,0.4330472862145015
PPL,2026-05-01,Sell,0.3925080842432214,0.18212733782827875,0.4253645779284995
PRU,2026-05-01,Sell,0.33091009712571995,0.30104383399568646,0.3680460688785934
PSA,2026-05-01,Sell,0.34090444120746616,0.22332958527565214,0.4357659735168813
PSX,2026-05-01,Sell,0.29945629576615906,0.2682521392295376,0.4322915650043035
PUK,2026-05-01,Sell,0.37530425404294393,0.1942587823213499,0.43043696363570605
PWR,2026-05-01,Hold,0.23636410631824492,0.45928934647021463,0.3043465472115408
PYPL,2026-05-01,Sell,0.3174901905368214,0.2507220900099105,0.43178771945326816
QCOM,2026-05-01,Hold,0.23676913425894727,0.43689594552595357,0.32633492021509963
QSR,2026-05-01,Sell,0.38345065387735633,0.1975187240246739,0.4190306220979694
RACE,2026-05-01,Sell,0.30513834147981195,0.25518893158535905,0.43967272693482906
RBLX,2026-05-01,Hold,0.24543037718702862,0.39074009395336723,0.36382952885960457
RCI,2026-05-01,Hold,0.24690924508664294,0.4340648287236511,0.31902592618970643
RCL,2026-05-01,Sell,0.30015309058929734,0.29675257963889495,0.40309432977180754
REGN,2026-05-01,Sell,0.3096270343253237,0.3122132134081215,0.3781597522665549
RELX,2026-05-01,Sell,0.377444151414191,0.19810921569295403,0.42444663289285456
RIO,2026-05-01,Sell,0.32628654112273936,0.2433170354121656,0.4303964234650948
RJF,2026-05-01,Sell,0.346322516206997,0.2395011424554332,0.41417634133757003
RMD,2026-05-01,Sell,0.3742894190042481,0.21223062428038653,0.41347995671536514
ROK,2026-05-01,Sell,0.2988705564312368,0.2658991743700491,0.4352302691987147
ROL,2026-05-01,Sell,0.3808496568129738,0.19406003408471212,0.4250903091023137
ROST,2026-05-01,Sell,0.36131291482792394,0.23845132352114434,0.4002357616509319
RSG,2026-05-01,Sell,0.3808878586934724,0.2026406129847613,0.4164715283217659
RTX,2026-05-01,Sell,0.3337898595081468,0.24542577478201316,0.4207843657098399
RY,2026-05-01,Sell,0.3986629148547925,0.1680906567389005,0.433246428406307
RYAAY,2026-05-01,Hold,0.18050047714052617,0.5379195846314793,0.2815799382279945
SAN,2026-05-01,Sell,0.27424271653954674,0.3037658052595432,0.42199147820091054
SAP,2026-05-01,Sell,0.30075708882780594,0.3012106589900694,0.3980322521821246
SBAC,2026-05-01,Sell,0.2944545638269889,0.2731769356967444,0.4323685004762668
SBUX,2026-05-01,Sell,0.29297441807007557,0.3230457169947563,0.3839798649351682
SCCO,2026-05-01,Sell,0.2999029281733807,0.2822828617061134,0.4178142101205058
SCHW,2026-05-01,Sell,0.24860637308532924,0.35773642778104614,0.39365719913362496
SE,2026-05-01,Sell,0.30505057233807287,0.28587084583678013,0.409078581825147
SHEL,2026-05-01,Sell,0.3448413470869479,0.21586097441191068,0.43929767850114104
SHOP,2026-05-01,Sell,0.27390404672870877,0.3131782023592059,0.41291775091208566
SHW,2026-05-01,Sell,0.29564728893827613,0.2800904959628878,0.42426221509883627
SLB,2026-05-01,Sell,0.38558703190277654,0.20572688058563596,0.4086860875115873
SLF,2026-05-01,Sell,0.38514099257384254,0.1808338634786759,0.4340251439474814
SMFG,2026-05-01,Sell,0.3089159765741621,0.25207335524677804,0.43901066817905987
SNAP,2026-05-01,Sell,0.26820109552406435,0.31957742408214673,0.41222148039378914
SNOW,2026-05-01,Sell,0.2484525859843085,0.36161752085800997,0.3899298931576816
SNPS,2026-05-01,Sell,0.2915519972745855,0.307817784995127,0.40063021773028756
SNY,2026-05-01,Sell,0.39839624220340786,0.17010787562060162,0.43149588217599033
SO,2026-05-01,Sell,0.38552157480509075,0.19061381645071018,0.4238646087441986
SONY,2026-05-01,Sell,0.3786384381733974,0.19529651293237238,0.42606504889422986
SPG,2026-05-01,Sell,0.38428053143691654,0.18695043791744773,0.42876903064563515
SPGI,2026-05-01,Sell,0.3476005400476096,0.2397857291359286,0.41261373081646174
SPOT,2026-05-01,Sell,0.27628789830078676,0.3160026743436649,0.4077094273555486
SRE,2026-05-01,Sell,0.38765395634244926,0.18292441311627658,0.4294216305412737
STE,2026-05-01,Sell,0.35714950397164713,0.21539076926790776,0.427459726760445
STLA,2026-05-01,Sell,0.2513055217850367,0.3586867387387826,0.3900077394761813
STM,2026-05-01,Sell,0.29789288307768746,0.3058882340329174,0.396218882889395
STT,2026-05-01,Sell,0.37740136597919516,0.2052132303427471,0.4173854036780574
STZ,2026-05-01,Sell,0.2921520396106714,0.2755241020716792,0.43232385831764936
SU,2026-05-01,Sell,0.30844944760209997,0.25362216910751895,0.4379283832903815
SYK,2026-05-01,Sell,0.31615761854549773,0.2807185905568527,0.4031237908976496
SYM,2026-05-01,Sell,0.3019001910054657,0.2943263900731269,0.4037734189214073
SYY,2026-05-01,Sell,0.34220356460363777,0.21648087744665684,0.44131555794970495
T,2026-05-01,Sell,0.3332817309277475,0.23930312517786312,0.4274151438943898
TAK,2026-05-01,Sell,0.37368448347985816,0.20112808625040995,0.4251874302697314
TCOM,2026-05-01,Sell,0.3732736913599391,0.1992969703758289,0.4274293382642314
TD,2026-05-01,Sell,0.3965097613305976,0.1709003776480944,0.432589861021308
TDG,2026-05-01,Sell,0.29643082299346946,0.27062227542650097,0.43294690158002985
TEAM,2026-05-01,Hold,0.22709429036870307,0.4518905590986283,0.32101515053266894
TEL,2026-05-01,Sell,0.29974594956621486,0.2991107725555046,0.40114327787828047
TFC,2026-05-01,Sell,0.3822056671618617,0.19206233579396834,0.4257319970441697
TGT,2026-05-01,Sell,0.31123109884736005,0.2487829738061729,0.43998592734646735
TJX,2026-05-01,Sell,0.3621054587195481,0.24168774868090054,0.3962067925995516
TLK,2026-05-01,Sell,0.36327337324284026,0.21478061075517554,0.4219460160019841
TM,2026-05-01,Sell,0.30646087085757817,0.2517378738808024,0.44180125526161945
TMO,2026-05-01,Sell,0.3002155832181837,0.3005985085979371,0.39918590818387917
TMUS,2026-05-01,Sell,0.30083420928284643,0.314146161613467,0.3850196291036866
TRGP,2026-05-01,Sell,0.32412440868607106,0.2433416947337314,0.43253389658019736
TRI,2026-05-01,Sell,0.3019733191541308,0.29443428295467017,0.40359239789119905
TROW,2026-05-01,Sell,0.38236937736030263,0.18871386083953032,0.4289167618001666
TRP,2026-05-01,Sell,0.36437500781746984,0.2077008166853107,0.4279241754972189
TRV,2026-05-01,Sell,0.3844937828329865,0.18906097737371866,0.4264452397932944
TS,2026-05-01,Sell,0.3894640974643106,0.17833451354364688,0.43220138899204236
TSCO,2026-05-01,Sell,0.2926594157611241,0.3046189752332392,0.40272160900563686
TSLA,2026-05-01,Sell,0.2975723654653366,0.2682614258565599,0.4341662086781038
TSM,2026-05-01,Sell,0.30375498518149463,0.2957859862187277,0.4004590285997778
TT,2026-05-01,Sell,0.3513829246933089,0.20896842396778179,0.439648651338909
TTD,2026-05-01,Sell,0.2673522860155437,0.32297670478386914,0.4096710092005875
TTE,2026-05-01,Sell,0.23306985113006437,0.37861616861216013,0.388313980257776
TTWO,2026-05-01,Sell,0.32743118157737827,0.24544382490092187,0.42712499352170047
TU,2026-05-01,Sell,0.2689665581469084,0.29584297692925376,0.43519046492383817
TW,2026-05-01,Sell,0.3083804108721286,0.2913076173567213,0.40031197177115
TXN,2026-05-01,Hold,0.2227742156289349,0.4766119504995278,0.30061383387153773
UBER,2026-05-01,Sell,0.3163730180879906,0.25342038502896225,0.43020659688304713
UBS,2026-05-01,Sell,0.337570978382043,0.23101626479424123,0.4314127568237155
UL,2026-05-01,Sell,0.33937229720446327,0.21670532367101442,0.44392237912452204
ULTA,2026-05-01,Sell,0.3498462838681411,0.22355162824718047,0.42660208788467846
UMC,2026-05-01,Sell,0.2653048869082097,0.3352532956048139,0.399441817486977
UNH,2026-05-01,Sell,0.29517137129028703,0.3028589967914714,0.40196963191824153
UNP,2026-05-01,Hold,0.28073030233656854,0.36399990264254795,0.35526979502088374
UPS,2026-05-01,Sell,0.34758534554415826,0.22337882794442476,0.42903582651141664
URI,2026-05-01,Hold,0.20397490273107802,0.5174080202207734,0.27861707704814864
USB,2026-05-01,Sell,0.3738885242728741,0.21526917471317225,0.4108423010139536
V,2026-05-01,Hold,0.2839190161526878,0.36090812842856496,0.35517285541874744
VALE,2026-05-01,Sell,0.30170738607880737,0.3012511268339641,0.3970414870872285
VEEV,2026-05-01,Sell,0.27521715706519545,0.3186726636444193,0.40611017929038545
VICI,2026-05-01,Sell,0.3971285103708194,0.1712017871664158,0.4316697024627647
VLO,2026-05-01,Sell,0.26848138645901143,0.32162544224882256,0.40989317129216646
VMC,2026-05-01,Sell,0.3374904697693482,0.22873018669252518,0.43377934353812664
VOD,2026-05-01,Sell,0.3734127693963141,0.20575347815445588,0.4208337524492296
VRSK,2026-05-01,Sell,0.3037309619524373,0.29508295040457666,0.4011860876429861
VRSN,2026-05-01,Sell,0.29822355310712667,0.2716197157355323,0.43015673115734127
VRTX,2026-05-01,Sell,0.3844405225383696,0.19237476517959803,0.42318471228203225
VZ,2026-05-01,Sell,0.3440794498968654,0.21721016561659745,0.43871038448653693
WAB,2026-05-01,Sell,0.30343321801591977,0.26340258823989615,0.43316419374418413
WBD,2026-05-01,Sell,0.40104065357083735,0.16421896624142326,0.4347403801877394
WCN,2026-05-01,Hold,0.2855055535859575,0.3583636396459209,0.3561308067681217
WDAY,2026-05-01,Sell,0.2690707599879652,0.3204520076369227,0.41047723237511236
WDS,2026-05-01,Sell,0.29673817488632276,0.266296885738117,0.4369649393755604
WEC,2026-05-01,Sell,0.38748057971563327,0.18547994019401642,0.42703948009035
WELL,2026-05-01,Sell,0.3451822989287762,0.24718022378540805,0.4076374772858153
WFC,2026-05-01,Sell,0.2761328238918438,0.31287455854351975,0.4109926175646371
WIT,2026-05-01,Sell,0.26632332803595393,0.32125184195142414,0.41242483001262237
WM,2026-05-01,Sell,0.3857081923062274,0.19822728298889733,0.41606452470487487
WMB,2026-05-01,Sell,0.3831963844124523,0.19765233711407418,0.41915127847347305
WMT,2026-05-01,Sell,0.3241410063051199,0.23690042067143316,0.4389585730234468
WPM,2026-05-01,Sell,0.2999222208843851,0.29328729720788765,0.4067904819077274
WST,2026-05-01,Hold,0.2657195990784728,0.3978656131706489,0.3364147877508784
WTW,2026-05-01,Sell,0.2980836855237145,0.311031193004532,0.39088512147175336
WY,2026-05-01,Sell,0.34367720352375547,0.2169215691914712,0.439401227284773
XEL,2026-05-01,Sell,0.32631481251168487,0.24070710016478739,0.4329780873235276
XOM,2026-05-01,Sell,0.2964172933377722,0.28213633000883404,0.4214463766533942
XYL,2026-05-01,Sell,0.3144526762255086,0.26039898884949897,0.4251483349249924
YUM,2026-05-01,Sell,0.3873916161541797,0.1949506771104216,0.41765770673539826
ZBH,2026-05-01,Hold,0.2837691387819451,0.3630999222954717,0.3531309389225833
ZM,2026-05-01,Sell,0.2957672820349679,0.29606298599372644,0.4081697319713058
ZS,2026-05-01,Sell,0.2640836362641565,0.3240650844987794,0.41185127923706444
ZTS,2026-05-01,Sell,0.3458414141515984,0.21799822060927404,0.43616036523912727
